Workbook
Name close_date: controls!$B$5
Name close_month: controls!$B$7
Name close_year: controls!$B$6
Name incurred_date: controls!$B$9
Name incurred_month: controls!$B$11
Name incurred_year: controls!$B$10
Name Slicer_claim_type: #N/A
Name Slicer_plan_type: #N/A

Sheet controls
A2: inputs are in teal text throughout file
A4: Variables
A5: Close Date | B5: 45991 | C5: End-of-month date for close month
A6: Close Year | B6: =YEAR(close_date) -> 2025
A7: Close Month | B7: =MONTH(close_date) -> 11
A9: Incurred Date | B9: =DATE(YEAR(close_date),MONTH(close_date)-1,0) -> 45930
A10: Incurred Year | B10: =YEAR(incurred_date) -> 2025
A11: Incurred Month | B11: =MONTH(incurred_date) -> 9

Sheet cf
A1: see 'Completion Factors' folder and use most recent
A6: plan_type | B6: claim_type | C6: lag | D6: lookup | E6: factor
A7: HMO | B7: IP | C7: 0 | D7: HMOIP0 | E7: 0.026009
A8: HMO | B8: IP | C8: 1 | D8: HMOIP1 | E8: 0.377341
A9: HMO | B9: IP | C9: 2 | D9: HMOIP2 | E9: 0.655611
A10: HMO | B10: IP | C10: 3 | D10: HMOIP3 | E10: 0.807872
A11: HMO | B11: IP | C11: 4 | D11: HMOIP4 | E11: 0.88459
A12: HMO | B12: IP | C12: 5 | D12: HMOIP5 | E12: 0.931521
A13: HMO | B13: IP | C13: 6 | D13: HMOIP6 | E13: 0.96482
A14: HMO | B14: IP | C14: 7 | D14: HMOIP7 | E14: 0.979211
A15: HMO | B15: IP | C15: 8 | D15: HMOIP8 | E15: 0.988369
A16: HMO | B16: IP | C16: 9 | D16: HMOIP9 | E16: 0.996032
A17: HMO | B17: IP | C17: 10 | D17: HMOIP10 | E17: 1
A18: HMO | B18: IP | C18: 11 | D18: HMOIP11 | E18: 1
... A150: PPO | B150: Non-IP | C150: 35 | D150: PPONon-IP35 | E150: 1

Sheet Dashboard
B4: Claude Cowork for Actuaries - Claims PMPM Dashboard
B5: ="Data incurred thru "&TEXT(incurred_date,"mmmyy")&"; paid thru "&TEXT(close_date,"mmmyy") -> Data incurred thru Sep25; paid thru Nov25
D22: Jan | E22: Feb | F22: Mar | G22: Apr | H22: May | I22: Jun | J22: Jul | K22: Aug | L22: Sep | M22: Oct | N22: Nov | O22: Dec | Q22: =TEXT(incurred_date,"mmm")&" YTD" -> Sep YTD | S22: Q1 | T22: Q2 | U22: Q3 | V22: Q4 | X22: FY
B24: 2024 | D24: =calcs!E17 -> 897.48534 | E24: =calcs!F17 -> 885.87088 | F24: =calcs!G17 -> 889.19719 | G24: =calcs!H17 -> 845.46522 | H24: =calcs!I17 -> 843.33473 | I24: =calcs!J17 -> 815.50708 | J24: =calcs!K17 -> 801.26274 | K24: =calcs!L17 -> 793.53745 | ... O24: =calcs!P17 -> 960.31145 | Q24: =calcs!R17 -> 846.02078 | S24: =calcs!T17 -> 890.84167 | T24: =calcs!U17 -> 834.74474 | U24: =calcs!V17 -> 812.82288 | V24: =calcs!W17 -> 920.58504 | X24: =calcs!Y17 -> 864.72576
B25: 2025 | D25: =calcs!E18 -> 937.92435 | E25: =calcs!F18 -> 941.40889 | F25: =calcs!G18 -> 904.63208 | G25: =calcs!H18 -> 895.34066 | H25: =calcs!I18 -> 847.35379 | I25: =calcs!J18 -> 830.25077 | J25: =calcs!K18 -> 884.93946 | K25: =calcs!L18 -> 840.81596 | ... O25: =calcs!P18 | Q25: =calcs!R18 -> 887.71724 | S25: =calcs!T18 -> 927.94257 | T25: =calcs!U18 -> 857.60981 | U25: =calcs!V18 -> 877.69228 | V25: =calcs!W18
B27: Trend | D27: =calcs!E21 -> 0.045058123 | E27: =calcs!F21 -> 0.062693127 | F27: =calcs!G21 -> 0.017358222 | G27: =calcs!H21 -> 0.05899171 | H27: =calcs!I21 -> 0.0047656713 | I27: =calcs!J21 -> 0.018079163 | J27: =calcs!K21 -> 0.10443106 | K27: =calcs!L21 -> 0.059579426 | ... O27: =calcs!P21 | Q27: =calcs!R21 -> 0.04928538 | S27: =calcs!T21 -> 0.041647015 | T27: =calcs!U21 -> 0.027391695 | U27: =calcs!V21 -> 0.079807546 | V27: =calcs!W21

Sheet calcs
E1: 1 | F1: 1 | G1: 1 | H1: 2 | I1: 2 | J1: 2 | K1: 3 | L1: 3 | M1: 3 | N1: 4 | O1: 4 | P1: 4
B2: Mth YTD | E2: =IF(E6>incurred_month,0,1) -> 1 | F2: =IF(F6>incurred_month,0,1) -> 1 | G2: =IF(G6>incurred_month,0,1) -> 1 | H2: =IF(H6>incurred_month,0,1) -> 1 | I2: =IF(I6>incurred_month,0,1) -> 1 | J2: =IF(J6>incurred_month,0,1) -> 1 | K2: =IF(K6>incurred_month,0,1) -> 1 | L2: =IF(L6>incurred_month,0,1) -> 1 | ... P2: =IF(P6>incurred_month,0,1) -> 0 | R2: =SUM(E2:P2) -> 9 | T2: =SUMIFS($E$2:$P$2,$E$1:$P$1,T$3) -> 3 | U2: =SUMIFS($E$2:$P$2,$E$1:$P$1,U$3) -> 3 | V2: =SUMIFS($E$2:$P$2,$E$1:$P$1,V$3) -> 3 | W2: =SUMIFS($E$2:$P$2,$E$1:$P$1,W$3) -> 0
B3: Qtr YTD | E3: =IF(E2=1,E1,0) -> 1 | F3: =IF(F2=1,F1,0) -> 1 | G3: =IF(G2=1,G1,0) -> 1 | H3: =IF(H2=1,H1,0) -> 2 | I3: =IF(I2=1,I1,0) -> 2 | J3: =IF(J2=1,J1,0) -> 2 | K3: =IF(K2=1,K1,0) -> 3 | L3: =IF(L2=1,L1,0) -> 3 | ... P3: =IF(P2=1,P1,0) -> 0 | T3: 1 | U3: 2 | V3: 3 | W3: 4
B6: mbr | E6: 1 | F6: =E6+1 -> 2 | G6: =F6+1 -> 3 | H6: =G6+1 -> 4 | I6: =H6+1 -> 5 | J6: =I6+1 -> 6 | K6: =J6+1 -> 7 | L6: =K6+1 -> 8 | M6: =L6+1 -> 9 | ... P6: =O6+1 -> 12 | R6: =TEXT(incurred_date,"mmm")&" YTD" -> Sep YTD | T6: Q1 | U6: Q2 | V6: Q3 | W6: Q4 | Y6: FY
C7: 2024 | E7: =IFERROR(GETPIVOTDATA("member_months",pivot!$C$2,"year",$C7,"month",E$6),0) -> 97239 | F7: =IFERROR(GETPIVOTDATA("member_months",pivot!$C$2,"year",$C7,"month",F$6),0) -> 97842 | G7: =IFERROR(GETPIVOTDATA("member_months",pivot!$C$2,"year",$C7,"month",G$6),0) -> 97095 | H7: =IFERROR(GETPIVOTDATA("member_months",pivot!$C$2,"year",$C7,"month",H$6),0) -> 97360 | I7: =IFERROR(GETPIVOTDATA("member_months",pivot!$C$2,"year",$C7,"month",I$6),0) -> 97726 | J7: =IFERROR(GETPIVOTDATA("member_months",pivot!$C$2,"year",$C7,"month",J$6),0) -> 97892 | K7: =IFERROR(GETPIVOTDATA("member_months",pivot!$C$2,"year",$C7,"month",K$6),0) -> 98237 | L7: =IFERROR(GETPIVOTDATA("member_months",pivot!$C$2,"year",$C7,"month",L$6),0) -> 98269 | ... P7: =IFERROR(GETPIVOTDATA("member_months",pivot!$C$2,"year",$C7,"month",P$6),0) -> 98022 | R7: =AVERAGEIFS(E7:P7,$E$2:$P$2,1) -> 97790.111 | T7: =AVERAGEIFS($E7:$P7,$E$1:$P$1,T$3) -> 97392 | U7: =AVERAGEIFS($E7:$P7,$E$1:$P$1,U$3) -> 97659.333 | V7: =AVERAGEIFS($E7:$P7,$E$1:$P$1,V$3) -> 98319 | W7: =AVERAGEIFS($E7:$P7,$E$1:$P$1,W$3) -> 98237.667 | Y7: =AVERAGE(E7:P7) -> 97902
C8: 2025 | E8: =IF(E$2=0,0,IFERROR(GETPIVOTDATA("member_months",pivot!$C$2,"year",$C8,"month",E$6),0)) -> 99516 | F8: =IF(F$2=0,0,IFERROR(GETPIVOTDATA("member_months",pivot!$C$2,"year",$C8,"month",F$6),0)) -> 99375 | G8: =IF(G$2=0,0,IFERROR(GETPIVOTDATA("member_months",pivot!$C$2,"year",$C8,"month",G$6),0)) -> 100022 | H8: =IF(H$2=0,0,IFERROR(GETPIVOTDATA("member_months",pivot!$C$2,"year",$C8,"month",H$6),0)) -> 99590 | I8: =IF(I$2=0,0,IFERROR(GETPIVOTDATA("member_months",pivot!$C$2,"year",$C8,"month",I$6),0)) -> 99698 | J8: =IF(J$2=0,0,IFERROR(GETPIVOTDATA("member_months",pivot!$C$2,"year",$C8,"month",J$6),0)) -> 99971 | K8: =IF(K$2=0,0,IFERROR(GETPIVOTDATA("member_months",pivot!$C$2,"year",$C8,"month",K$6),0)) -> 100048 | L8: =IF(L$2=0,0,IFERROR(GETPIVOTDATA("member_months",pivot!$C$2,"year",$C8,"month",L$6),0)) -> 100644 | ... P8: =IF(P$2=0,0,IFERROR(GETPIVOTDATA("member_months",pivot!$C$2,"year",$C8,"month",P$6),0)) -> 0 | R8: =AVERAGEIFS(E8:P8,$E$2:$P$2,1) -> 99868.556 | T8: =AVERAGEIFS($E8:$P8,$E$1:$P$1,T$3) -> 99637.667 | U8: =AVERAGEIFS($E8:$P8,$E$1:$P$1,U$3) -> 99753 | V8: =AVERAGEIFS($E8:$P8,$E$1:$P$1,V$3) -> 100215 | W8: =AVERAGEIFS($E8:$P8,$E$1:$P$1,W$3) -> 0
B11: clms | E11: 1 | F11: =E11+1 -> 2 | G11: =F11+1 -> 3 | H11: =G11+1 -> 4 | I11: =H11+1 -> 5 | J11: =I11+1 -> 6 | K11: =J11+1 -> 7 | L11: =K11+1 -> 8 | M11: =L11+1 -> 9 | ... P11: =O11+1 -> 12 | R11: =TEXT(incurred_date,"mmm")&" YTD" -> Sep YTD | T11: Q1 | U11: Q2 | V11: Q3 | W11: Q4 | Y11: FY
C12: 2024 | E12: =IFERROR(GETPIVOTDATA("ultimate_incurred",pivot!$C$20,"year",$C12,"month",E$11),0) -> 87270577 | F12: =IFERROR(GETPIVOTDATA("ultimate_incurred",pivot!$C$20,"year",$C12,"month",F$11),0) -> 86675378 | G12: =IFERROR(GETPIVOTDATA("ultimate_incurred",pivot!$C$20,"year",$C12,"month",G$11),0) -> 86336601 | H12: =IFERROR(GETPIVOTDATA("ultimate_incurred",pivot!$C$20,"year",$C12,"month",H$11),0) -> 82314494 | I12: =IFERROR(GETPIVOTDATA("ultimate_incurred",pivot!$C$20,"year",$C12,"month",I$11),0) -> 82415730 | J12: =IFERROR(GETPIVOTDATA("ultimate_incurred",pivot!$C$20,"year",$C12,"month",J$11),0) -> 79831619 | K12: =IFERROR(GETPIVOTDATA("ultimate_incurred",pivot!$C$20,"year",$C12,"month",K$11),0) -> 78713648 | L12: =IFERROR(GETPIVOTDATA("ultimate_incurred",pivot!$C$20,"year",$C12,"month",L$11),0) -> 77980132 | ... P12: =IFERROR(GETPIVOTDATA("ultimate_incurred",pivot!$C$20,"year",$C12,"month",P$11),0) -> 94131649 | R12: =AVERAGEIFS(E12:P12,$E$2:$P$2,1) -> 82732466 | T12: =AVERAGEIFS($E12:$P12,$E$1:$P$1,T$3) -> 86760852 | U12: =AVERAGEIFS($E12:$P12,$E$1:$P$1,U$3) -> 81520614 | V12: =AVERAGEIFS($E12:$P12,$E$1:$P$1,V$3) -> 79915932 | W12: =AVERAGEIFS($E12:$P12,$E$1:$P$1,W$3) -> 90436126 | Y12: =AVERAGE(E12:P12) -> 84658381
C13: 2025 | E13: =IF(E$2=0,0,IFERROR(GETPIVOTDATA("ultimate_incurred",pivot!$C$20,"year",$C13,"month",E$11),0)) -> 93338479 | F13: =IF(F$2=0,0,IFERROR(GETPIVOTDATA("ultimate_incurred",pivot!$C$20,"year",$C13,"month",F$11),0)) -> 93552509 | G13: =IF(G$2=0,0,IFERROR(GETPIVOTDATA("ultimate_incurred",pivot!$C$20,"year",$C13,"month",G$11),0)) -> 90483109 | H13: =IF(H$2=0,0,IFERROR(GETPIVOTDATA("ultimate_incurred",pivot!$C$20,"year",$C13,"month",H$11),0)) -> 89166976 | I13: =IF(I$2=0,0,IFERROR(GETPIVOTDATA("ultimate_incurred",pivot!$C$20,"year",$C13,"month",I$11),0)) -> 84479478 | J13: =IF(J$2=0,0,IFERROR(GETPIVOTDATA("ultimate_incurred",pivot!$C$20,"year",$C13,"month",J$11),0)) -> 83001000 | K13: =IF(K$2=0,0,IFERROR(GETPIVOTDATA("ultimate_incurred",pivot!$C$20,"year",$C13,"month",K$11),0)) -> 88536423 | L13: =IF(L$2=0,0,IFERROR(GETPIVOTDATA("ultimate_incurred",pivot!$C$20,"year",$C13,"month",L$11),0)) -> 84623081 | ... P13: =IF(P$2=0,0,IFERROR(GETPIVOTDATA("ultimate_incurred",pivot!$C$20,"year",$C13,"month",P$11),0)) -> 0 | R13: =AVERAGEIFS(E13:P13,$E$2:$P$2,1) -> 88655038 | T13: =AVERAGEIFS($E13:$P13,$E$1:$P$1,T$3) -> 92458032 | U13: =AVERAGEIFS($E13:$P13,$E$1:$P$1,U$3) -> 85549151 | V13: =AVERAGEIFS($E13:$P13,$E$1:$P$1,V$3) -> 87957931 | W13: =AVERAGEIFS($E13:$P13,$E$1:$P$1,W$3) -> 0
B16: PMPMs | E16: 1 | F16: =E16+1 -> 2 | G16: =F16+1 -> 3 | H16: =G16+1 -> 4 | I16: =H16+1 -> 5 | J16: =I16+1 -> 6 | K16: =J16+1 -> 7 | L16: =K16+1 -> 8 | M16: =L16+1 -> 9 | ... P16: =O16+1 -> 12 | R16: =TEXT(incurred_date,"mmm")&" YTD" -> Sep YTD | T16: Q1 | U16: Q2 | V16: Q3 | W16: Q4 | Y16: FY
C17: 2024 | E17: =IFERROR(E12/E7,0) -> 897.48534 | F17: =IFERROR(F12/F7,0) -> 885.87088 | G17: =IFERROR(G12/G7,0) -> 889.19719 | H17: =IFERROR(H12/H7,0) -> 845.46522 | I17: =IFERROR(I12/I7,0) -> 843.33473 | J17: =IFERROR(J12/J7,0) -> 815.50708 | K17: =IFERROR(K12/K7,0) -> 801.26274 | L17: =IFERROR(L12/L7,0) -> 793.53745 | ... P17: =IFERROR(P12/P7,0) -> 960.31145 | R17: =IFERROR(R12/R7,0) -> 846.02078 | T17: =IFERROR(T12/T7,0) -> 890.84167 | U17: =IFERROR(U12/U7,0) -> 834.74474 | V17: =IFERROR(V12/V7,0) -> 812.82288 | W17: =IFERROR(W12/W7,0) -> 920.58504 | Y17: =IFERROR(Y12/Y7,0) -> 864.72576
C18: 2025 | E18: =IF(E$2=0,"",IFERROR(E13/E8,0)) -> 937.92435 | F18: =IF(F$2=0,"",IFERROR(F13/F8,0)) -> 941.40889 | G18: =IF(G$2=0,"",IFERROR(G13/G8,0)) -> 904.63208 | H18: =IF(H$2=0,"",IFERROR(H13/H8,0)) -> 895.34066 | I18: =IF(I$2=0,"",IFERROR(I13/I8,0)) -> 847.35379 | J18: =IF(J$2=0,"",IFERROR(J13/J8,0)) -> 830.25077 | K18: =IF(K$2=0,"",IFERROR(K13/K8,0)) -> 884.93946 | L18: =IF(L$2=0,"",IFERROR(L13/L8,0)) -> 840.81596 | ... P18: =IF(P$2=0,"",IFERROR(P13/P8,0)) | R18: =IFERROR(R13/R8,0) -> 887.71724 | T18: =IF(T2=0,"",IFERROR(T13/T8,0)) -> 927.94257 | U18: =IF(U2=0,"",IFERROR(U13/U8,0)) -> 857.60981 | V18: =IF(V2=0,"",IFERROR(V13/V8,0)) -> 877.69228 | W18: =IF(W2=0,"",IFERROR(W13/W8,0))
B20: Trend
C21: 25/'24 | E21: =IF(E2=0,"",E18/E17-1) -> 0.045058123 | F21: =IF(F2=0,"",F18/F17-1) -> 0.062693127 | G21: =IF(G2=0,"",G18/G17-1) -> 0.017358222 | H21: =IF(H2=0,"",H18/H17-1) -> 0.05899171 | I21: =IF(I2=0,"",I18/I17-1) -> 0.0047656713 | J21: =IF(J2=0,"",J18/J17-1) -> 0.018079163 | K21: =IF(K2=0,"",K18/K17-1) -> 0.10443106 | L21: =IF(L2=0,"",L18/L17-1) -> 0.059579426 | ... P21: =IF(P2=0,"",P18/P17-1) | R21: =IF(R2=0,"",R18/R17-1) -> 0.04928538 | T21: =IF(T2=0,"",T18/T17-1) -> 0.041647015 | U21: =IF(U2=0,"",U18/U17-1) -> 0.027391695 | V21: =IF(V2=0,"",V18/V17-1) -> 0.079807546 | W21: =IF(W2=0,"",W18/W17-1)
B23: CY Graph
C24: 2025 | E24: =IF(E3=0,NA(),E18) -> 937.92435 | F24: =IF(F3=0,NA(),F18) -> 941.40889 | G24: =IF(G3=0,NA(),G18) -> 904.63208 | H24: =IF(H3=0,NA(),H18) -> 895.34066 | I24: =IF(I3=0,NA(),I18) -> 847.35379 | J24: =IF(J3=0,NA(),J18) -> 830.25077 | K24: =IF(K3=0,NA(),K18) -> 884.93946 | L24: =IF(L3=0,NA(),L18) -> 840.81596 | ... P24: =IF(P3=0,NA(),P18) -> #N/A

Sheet pivot
B2: mbr | C2: Sum of member_months | D2: Column Labels
C3: Row Labels | D3: 1 | E3: 2 | F3: 3 | G3: 4 | H3: 5 | I3: 6 | J3: 7 | K3: 8 | L3: 9 | M3: 10 | N3: 11 | O3: 12 | P3: Grand Total
C4: 2024 | D4: 97239 | E4: 97842 | F4: 97095 | G4: 97360 | H4: 97726 | I4: 97892 | J4: 98237 | K4: 98269 | L4: 98451 | M4: 98329 | N4: 98362 | O4: 98022 | P4: 1174824
C5: 2025 | D5: 99516 | E5: 99375 | F5: 100022 | G5: 99590 | H5: 99698 | I5: 99971 | J5: 100048 | K5: 100644 | L5: 99953 | M5: 99891 | N5: 100377 | P5: 1099085
C6: Grand Total | D6: 196755 | E6: 197217 | F6: 197117 | G6: 196950 | H6: 197424 | I6: 197863 | J6: 198285 | K6: 198913 | L6: 198404 | M6: 198220 | N6: 198739 | O6: 98022 | P6: 2273909
B20: clms | C20: Sum of ultimate_incurred | D20: Column Labels
C21: Row Labels | D21: 1 | E21: 2 | F21: 3 | G21: 4 | H21: 5 | I21: 6 | J21: 7 | K21: 8 | L21: 9 | M21: 10 | N21: 11 | O21: 12 | P21: Grand Total
C22: 2024 | D22: 87270577 | E22: 86675378 | F22: 86336601 | G22: 82314494 | H22: 82415730 | I22: 79831619 | J22: 78713648 | K22: 77980132 | L22: 83054018 | M22: 84666872 | N22: 92509858 | O22: 94131649 | P22: 1.0159006e+09
C23: 2025 | D23: 93338479 | E23: 93552509 | F23: 90483109 | G23: 89166976 | H23: 84479478 | I23: 83001000 | J23: 88536423 | K23: 84623081 | L23: 90714290 | M23: 1.0617431e+08 | N23: 1.0246481e+08 | P23: 1.0065345e+09
C24: Grand Total | D24: 1.8060906e+08 | E24: 1.8022789e+08 | F24: 1.7681971e+08 | G24: 1.7148147e+08 | H24: 1.6689521e+08 | I24: 1.6283262e+08 | J24: 1.6725007e+08 | K24: 1.6260321e+08 | L24: 1.7376831e+08 | M24: 1.9084118e+08 | N24: 1.9497466e+08 | O24: 94131649 | P24: 2.022435e+09

Sheet combined data
A6: year | B6: month | C6: plan_type | D6: claim_type | E6: member_months | F6: ultimate_incurred
A7: 2024 | B7: 1 | C7: HMO | E7: 61261
A8: 2024 | B8: 1 | C8: PPO | E8: 35978
A9: 2024 | B9: 2 | C9: HMO | E9: 61640
A10: 2024 | B10: 2 | C10: PPO | E10: 36202
A11: 2024 | B11: 3 | C11: HMO | E11: 61170
A12: 2024 | B12: 3 | C12: PPO | E12: 35925
A13: 2024 | B13: 4 | C13: HMO | E13: 61337
A14: 2024 | B14: 4 | C14: PPO | E14: 36023
A15: 2024 | B15: 5 | C15: HMO | E15: 61567
A16: 2024 | B16: 5 | C16: PPO | E16: 36159
A17: 2024 | B17: 6 | C17: HMO | E17: 61672
A18: 2024 | B18: 6 | C18: PPO | E18: 36220
... A52: 2025 | B52: 11 | C52: PPO | E52: 37139
A53: 2024 | B53: 1 | C53: HMO | D53: IP | F53: 20351216
A54: 2024 | B54: 1 | C54: HMO | D54: Non-IP | F54: 30526825
A55: 2024 | B55: 1 | C55: PPO | D55: IP | F55: 14557014
A56: 2024 | B56: 1 | C56: PPO | D56: Non-IP | F56: 21835522
A57: 2024 | B57: 2 | C57: HMO | D57: IP | F57: 20212088
A58: 2024 | B58: 2 | C58: HMO | D58: Non-IP | F58: 30318132
A59: 2024 | B59: 2 | C59: PPO | D59: IP | F59: 14458063
A60: 2024 | B60: 2 | C60: PPO | D60: Non-IP | F60: 21687095
A61: 2024 | B61: 3 | C61: HMO | D61: IP | F61: 20133313
A62: 2024 | B62: 3 | C62: HMO | D62: Non-IP | F62: 30199969
A63: 2024 | B63: 3 | C63: PPO | D63: IP | F63: 14401328
A64: 2024 | B64: 3 | C64: PPO | D64: Non-IP | F64: 21601992
... A144: 2025 | B144: 11 | C144: PPO | D144: Non-IP | F144: 42985091

Sheet claims
A1: data pasted in from clms_yyyymm CSV file and formatted
A6: incurred_year_month | B6: plan_type | C6: claim_type | D6: plan_paid | E6: incurred_year | F6: incurred_month | G6: lag | H6: completion_factor | I6: ultimate_incurred
A7: 45322 | B7: HMO | C7: IP | D7: 20351216 | E7: =YEAR(A7) -> 2024 | F7: =MONTH(A7) -> 1 | G7: =(YEAR(close_date)-YEAR(A7))*12+MONTH(close_date)-MONTH(A7) -> 22 | H7: =VLOOKUP(B7&C7&G7,cf!D:E,2,FALSE) -> 1 | I7: =D7/H7 -> 20351216
A8: 45322 | B8: HMO | C8: Non-IP | D8: 30526825 | E8: =YEAR(A8) -> 2024 | F8: =MONTH(A8) -> 1 | G8: =(YEAR(close_date)-YEAR(A8))*12+MONTH(close_date)-MONTH(A8) -> 22 | H8: =VLOOKUP(B8&C8&G8,cf!D:E,2,FALSE) -> 1 | I8: =D8/H8 -> 30526825
A9: 45322 | B9: PPO | C9: IP | D9: 14557014 | E9: =YEAR(A9) -> 2024 | F9: =MONTH(A9) -> 1 | G9: =(YEAR(close_date)-YEAR(A9))*12+MONTH(close_date)-MONTH(A9) -> 22 | H9: =VLOOKUP(B9&C9&G9,cf!D:E,2,FALSE) -> 1 | I9: =D9/H9 -> 14557014
A10: 45322 | B10: PPO | C10: Non-IP | D10: 21835522 | E10: =YEAR(A10) -> 2024 | F10: =MONTH(A10) -> 1 | G10: =(YEAR(close_date)-YEAR(A10))*12+MONTH(close_date)-MONTH(A10) -> 22 | H10: =VLOOKUP(B10&C10&G10,cf!D:E,2,FALSE) -> 1 | I10: =D10/H10 -> 21835522
A11: 45351 | B11: HMO | C11: IP | D11: 20212088 | E11: =YEAR(A11) -> 2024 | F11: =MONTH(A11) -> 2 | G11: =(YEAR(close_date)-YEAR(A11))*12+MONTH(close_date)-MONTH(A11) -> 21 | H11: =VLOOKUP(B11&C11&G11,cf!D:E,2,FALSE) -> 1 | I11: =D11/H11 -> 20212088
A12: 45351 | B12: HMO | C12: Non-IP | D12: 30318132 | E12: =YEAR(A12) -> 2024 | F12: =MONTH(A12) -> 2 | G12: =(YEAR(close_date)-YEAR(A12))*12+MONTH(close_date)-MONTH(A12) -> 21 | H12: =VLOOKUP(B12&C12&G12,cf!D:E,2,FALSE) -> 1 | I12: =D12/H12 -> 30318132
A13: 45351 | B13: PPO | C13: IP | D13: 14458063 | E13: =YEAR(A13) -> 2024 | F13: =MONTH(A13) -> 2 | G13: =(YEAR(close_date)-YEAR(A13))*12+MONTH(close_date)-MONTH(A13) -> 21 | H13: =VLOOKUP(B13&C13&G13,cf!D:E,2,FALSE) -> 1 | I13: =D13/H13 -> 14458063
A14: 45351 | B14: PPO | C14: Non-IP | D14: 21687095 | E14: =YEAR(A14) -> 2024 | F14: =MONTH(A14) -> 2 | G14: =(YEAR(close_date)-YEAR(A14))*12+MONTH(close_date)-MONTH(A14) -> 21 | H14: =VLOOKUP(B14&C14&G14,cf!D:E,2,FALSE) -> 1 | I14: =D14/H14 -> 21687095
A15: 45382 | B15: HMO | C15: IP | D15: 20133313 | E15: =YEAR(A15) -> 2024 | F15: =MONTH(A15) -> 3 | G15: =(YEAR(close_date)-YEAR(A15))*12+MONTH(close_date)-MONTH(A15) -> 20 | H15: =VLOOKUP(B15&C15&G15,cf!D:E,2,FALSE) -> 1 | I15: =D15/H15 -> 20133313
A16: 45382 | B16: HMO | C16: Non-IP | D16: 30199969 | E16: =YEAR(A16) -> 2024 | F16: =MONTH(A16) -> 3 | G16: =(YEAR(close_date)-YEAR(A16))*12+MONTH(close_date)-MONTH(A16) -> 20 | H16: =VLOOKUP(B16&C16&G16,cf!D:E,2,FALSE) -> 1 | I16: =D16/H16 -> 30199969
A17: 45382 | B17: PPO | C17: IP | D17: 14401328 | E17: =YEAR(A17) -> 2024 | F17: =MONTH(A17) -> 3 | G17: =(YEAR(close_date)-YEAR(A17))*12+MONTH(close_date)-MONTH(A17) -> 20 | H17: =VLOOKUP(B17&C17&G17,cf!D:E,2,FALSE) -> 1 | I17: =D17/H17 -> 14401328
A18: 45382 | B18: PPO | C18: Non-IP | D18: 21601992 | E18: =YEAR(A18) -> 2024 | F18: =MONTH(A18) -> 3 | G18: =(YEAR(close_date)-YEAR(A18))*12+MONTH(close_date)-MONTH(A18) -> 20 | H18: =VLOOKUP(B18&C18&G18,cf!D:E,2,FALSE) -> 1 | I18: =D18/H18 -> 21601992
... A98: 45991 | B98: PPO | C98: Non-IP | D98: 2045058.7 | E98: =YEAR(A98) -> 2025 | F98: =MONTH(A98) -> 11 | G98: =(YEAR(close_date)-YEAR(A98))*12+MONTH(close_date)-MONTH(A98) -> 0 | H98: =VLOOKUP(B98&C98&G98,cf!D:E,2,FALSE) -> 0.047576 | I98: =D98/H98 -> 42985091

Sheet mbr
A1: data pasted in from mbr_yyyymm CSV file and formatted
A6: year_month | B6: plan_type | C6: member_months | D6: year | E6: month
A7: 45322 | B7: HMO | C7: 61261 | D7: =YEAR(A7) -> 2024 | E7: =MONTH(A7) -> 1
A8: 45322 | B8: PPO | C8: 35978 | D8: =YEAR(A8) -> 2024 | E8: =MONTH(A8) -> 1
A9: 45351 | B9: HMO | C9: 61640 | D9: =YEAR(A9) -> 2024 | E9: =MONTH(A9) -> 2
A10: 45351 | B10: PPO | C10: 36202 | D10: =YEAR(A10) -> 2024 | E10: =MONTH(A10) -> 2
A11: 45382 | B11: HMO | C11: 61170 | D11: =YEAR(A11) -> 2024 | E11: =MONTH(A11) -> 3
A12: 45382 | B12: PPO | C12: 35925 | D12: =YEAR(A12) -> 2024 | E12: =MONTH(A12) -> 3
A13: 45412 | B13: HMO | C13: 61337 | D13: =YEAR(A13) -> 2024 | E13: =MONTH(A13) -> 4
A14: 45412 | B14: PPO | C14: 36023 | D14: =YEAR(A14) -> 2024 | E14: =MONTH(A14) -> 4
A15: 45443 | B15: HMO | C15: 61567 | D15: =YEAR(A15) -> 2024 | E15: =MONTH(A15) -> 5
A16: 45443 | B16: PPO | C16: 36159 | D16: =YEAR(A16) -> 2024 | E16: =MONTH(A16) -> 5
A17: 45473 | B17: HMO | C17: 61672 | D17: =YEAR(A17) -> 2024 | E17: =MONTH(A17) -> 6
A18: 45473 | B18: PPO | C18: 36220 | D18: =YEAR(A18) -> 2024 | E18: =MONTH(A18) -> 6
... A52: 45991 | B52: PPO | C52: 37139 | D52: =YEAR(A52) -> 2025 | E52: =MONTH(A52) -> 11
